<?xml version="1.0" encoding="UTF-8" ?>
<!DOCTYPE configuration
        PUBLIC "-//mybatis.org//DTD Config 3.0//EN"
        "http://mybatis.org/dtd/mybatis-3-config.dtd">
<configuration>
    <settings>
        <!-- 配置关闭缓存  -->
        <setting name="cacheEnabled" value="false"/>
        <setting name="mapUnderscoreToCamelCase" value="true"/>
        <setting name="useGeneratedKeys" value="true"/>
        <setting name="defaultExecutorType" value="REUSE"/>
        <!-- 事务超时时间 -->
        <setting name="defaultStatementTimeout" value="600"/>
        <setting name="logImpl" value="STDOUT_LOGGING" />
    </settings>
<typeAliases>
    <package name="com.citi.fund.model"/>
</typeAliases>

</configuration>